<?xml version="1.0" encoding="UTF-8" standalone="yes"?>
<addon id="repository.gtfamily" name="GTFAMILY" version="1.0" provider-name="GTFAMILY">
	<extension point="xbmc.addon.repository" name="GTFAMILY">
		<info compressed="false">http://github.com/gtfamily/gtfamily/raw/master/addons.xml</info>
		<checksum>http://github.com/gtfamily/gtfamily/raw/master/addons.xml.md5</checksum>
		<datadir zip="true">http://github.com/gtfamily/gtfamily/raw/master/zips</datadir>
	</extension>
	<extension point="xbmc.addon.metadata">
		<summary>Install MY Addons</summary>
		<description>Download and install addons from GTFAMILY.......For OFFICIAL !! Support Visit XBMCHUB.COM</description>
		<platform>all</platform>
	</extension>
</addon>

